true	false	gap	ext	matrix	t_min	f_min
0.7	0.52	8	3	PAM250	0.16108269067727535	0.054502315728739835
0.7	0.36	8	3	MATIO	1.5919912475537408	1.754785000230548
0.64	0.32	8	3	BLOSUM62	0.09229567416845422	0.013752164628018091
0.7	0.52	8	3	PAM100	0.06428318002397176	0.007722059996977537
0.7	0.5	8	3	BLOSUM50	0.1886104952399176	0.05862283996735016
