true	false	gap	ext	matrix	t_min	f_min
0.7	0.42	8	3	PAM250	0.36717134419358094	0.42183180577245183
