true	false	gap	ext	matrix	t_min	f_min
0.68	0.7	15	3	PAM250	1.447715930488375	4.657166257131112
0.7	0.64	15	3	MATIO	2.882769121664798	6.560771769977605
0.7	0.72	15	3	BLOSUM62	1.2608241225179868	4.431145519172752
0.7	0.74	15	3	PAM100	1.0831668411961988	4.04865624222224
0.7	0.72	15	3	BLOSUM50	1.464841200940772	4.595281809627711
